"","pop","family.name","area","inv","language"
"1",77233270,"Koreanic","Eurasia",40,"Korean"
"2",210,"Yeniseian","Eurasia",32,"Ket"
"3",154800,"Nakh-Daghestanian","Eurasia",69,"Lak"
"4",1628500,"Abkhaz-Adyge","Eurasia",56,"Kabardian"
"5",3669500,"Kartvelian","Eurasia",35,"Georgian"
"6",96800,"","Eurasia",53,"Burushaski"
"7",74244300,"Dravidian","Eurasia",68,"Telugu"
"8",930,NA,NA,34,"Kota"
"9",39000,NA,NA,34,"Kota"
"10",1120280,"Austroasiatic","Eurasia",37,"Mundari"
"11",240240,"Austroasiatic","Eurasia",41,"Kharia"
"12",843000,"Austroasiatic","Eurasia",28,"Khasi"
"13",97520,"Austroasiatic","Eurasia",53,"Sedang"
"14",68058620,"Austroasiatic","Eurasia",39,"Vietnamese"
"15",2521000,"Atlantic-Congo","Africa",49,"Yao"
"16",32875600,"Sino-Tibetan","Eurasia",50,"Burmese"
"17",530350,"Sino-Tibetan","Eurasia",40,"Lahu"
"18",1009000,"Sino-Tibetan","Eurasia",26,"Garo"
"19",9000,"Tai-Kadai","Eurasia",59,"Lakkia"
"20",20548550,"Tai-Kadai","Eurasia",45,"Thai"
"21",84300,"Austronesian","Papunesia",27,"Atayal"
"22",18138380,NA,NA,36,"Malagasy"
"23",16122700,NA,NA,27,"Malay"
"24",60824376,NA,NA,27,"Malay"
"25",1480,NA,NA,21,"Batak"
"26",84368500,"Austronesian","Papunesia",30,"Javanese"
"27",24628290,"Austronesian","Papunesia",28,"Tagalog"
"28",62500,"Austronesian","Papunesia",36,"Chamorro"
"29",30000,"Austronesian","Papunesia",25,"Adzera"
"30",157980,"Austronesian","Papunesia",20,"Maori"
"31",2000,"Austronesian","Papunesia",19,"Hawaiian"
"32",2,"Pama-Nyungan","Australia",28,"Kunjen"
"33",260,NA,NA,24,"Maung"
"34",110,NA,NA,24,"Nunggubuyu"
"35",12,"Mangarrayi-Maran","Australia",28,"Alawa"
"36",30000,"Sentanic","Papunesia",17,"Sentani"
"37",5400,"Nuclear Trans New Guinea","Papunesia",27,"Telefol"
"38",22100,"Nuclear Trans New Guinea","Papunesia",19,"Gadsup"
"39",8200,"Goilalan","Papunesia",20,"Kunimaipa"
"40",7000,"Nuclear Trans New Guinea","Papunesia",21,"Selepet"
"41",155,"Eskimo-Aleut","North America",36,"Aleut"
"42",38,"Athabaskan-Eyak-Tlingit","North America",42,"Hupa"
"43",24,NA,NA,50,"Haida"
"44",7,"Salishan","North America",37,"Squamish"
"45",255,NA,NA,55,"Kwakiutl"
"46",93710,NA,NA,27,"Ojibwa"
"47",7,NA,NA,39,"Delaware"
"48",1,"Caddoan","North America",29,"Wichita"
"49",290,NA,NA,36,"Dakota"
"50",100,"Iroquoian","North America",27,"Seneca"
"51",192,"Iroquoian","North America",22,"Oneida"
"52",16,"","North America",64,"Yuchi"
"53",170,"Muskogean","North America",21,"Alabama"
"54",32,"","North America",25,"Tunica"
"55",100,"Sahaptian","North America",36,"Nez Perce"
"56",273000,"Mayan","North America",30,"Tzeltal"
"57",12,"","North America",41,"Karok"
"58",9430,"","North America",54,"Zuni"
"59",27100,NA,NA,41,"Tiwa"
"60",1500,NA,NA,57,"Tewa"
"61",6780,"Uto-Aztecan","North America",49,"Hopi"
"62",5,"","South America",25,"Itonama"
"63",7734620,NA,NA,37,"Quechua"
"64",1702000,NA,NA,42,"Aymara"
"65",12500,"Arawakan","South America",29,"Wapishana"
"66",47200,"Ticuna-Yuri","South America",38,"Ticuna"
"67",7358,NA,NA,28,"Carib"
"68",194,"Huitotoan","South America",38,"Ocaina"
"69",6157480,NA,NA,36,"Guarani"
"70",520,"Pano-Tacanan","South America",22,"Amahuaca"
"71",27374100,"Afro-Asiatic","Africa",45,"Hausa"
"72",16396400,"Afro-Asiatic","Africa",52,"Somali"
"73",462000,"Afro-Asiatic","Africa",48,"Iraqw"
"74",21821520,"Afro-Asiatic","Africa",59,"Amharic"
"75",474310,"Afro-Asiatic","Eurasia",55,"Maltese"
"76",1220000,NA,NA,49,"Kpelle"
"77",5260600,"Atlantic-Congo","Africa",40,"Wolof"
"78",1160000,"Atlantic-Congo","Africa",37,"Dagbani"
"79",8214000,"Atlantic-Congo","Africa",40,"Akan"
"80",745000,"Atlantic-Congo","Africa",47,"Ga"
"81",18007950,"Atlantic-Congo","Africa",65,"Igbo"
"82",1e+05,"Atlantic-Congo","Africa",41,"Beembe"
"83",15992010,"Atlantic-Congo","Africa",36,"Swahili"
"84",15993010,"Atlantic-Congo","Africa",36,"Swahili"
"85",635000,"Atlantic-Congo","Africa",36,"Luvale"
"86",11772100,"Atlantic-Congo","Africa",43,"Zulu"
"87",4122500,NA,NA,35,"Kanuri"
"88",1,NA,NA,35,"Luo"
"89",1455000,NA,NA,43,"Maasai"
"90",1200,"Khoe-Kwadi","Africa",33,"Nama"
"91",206000,"Indo-European","Eurasia",42,"Breton"
"92",313840,"Indo-European","Eurasia",39,"Icelandic"
"93",5193250,"Indo-European","Eurasia",48,"Norwegian"
"94",371959910,"Indo-European","Eurasia",40,"English"
"95",76096430,"Indo-European","Eurasia",40,"French"
"96",218765470,"Indo-European","Eurasia",38,"Portuguese"
"97",436667750,"Indo-European","Eurasia",25,"Spanish"
"98",153612510,"Indo-European","Eurasia",38,"Russian"
"99",8068620,"Indo-European","Eurasia",49,"Bulgarian"
"100",3069590,"Indo-European","Eurasia",47,"Lithuanian"
"101",4082380,NA,NA,35,"Albanian"
"102",5169640,NA,NA,37,"Armenian"
"103",61929420,NA,NA,30,"Persian"
"104",242315050,"Indo-European","Eurasia",53,"Bengali"
"105",541600,"","Eurasia",28,"Basque"
"106",5413380,"Uralic","Eurasia",42,"Finnish"
"107",219100,NA,NA,36,"Komi"
"108",12596540,"Uralic","Eurasia",65,"Hungarian"
"109",71083170,"Turkic","Eurasia",40,"Turkish"
"110",23200540,NA,NA,34,"Azerbaijani"
"111",1080000,"Turkic","Eurasia",39,"Chuvash"
"112",450000,NA,NA,49,"Yakut"
"113",5660,"Tungusic","Eurasia",36,"Even"
"114",200,NA,NA,44,"Gilyak"
"115",5100,"Chukotko-Kamchatkan","Eurasia",22,"Chukchi"
"116",10,NA,NA,17,"Ainu"
"117",6570,NA,NA,17,"Ainu"
"118",128193360,"Japonic","Eurasia",40,"Japanese"
"119",9950,"Atlantic-Congo","Africa",60,"Fwe"
"120",9180,"Atlantic-Congo","Africa",90,"Yeyi"
"121",2,"Arawakan","South America",29,"Chamicuro"
"122",1496300,"Nakh-Daghestanian","Eurasia",44,"Chechen"
"123",48500,"Sino-Tibetan","Eurasia",24,"Chepang"
"124",7000,"Austroasiatic","Eurasia",33,"Chrau"
"125",100,"Uto-Aztecan","North America",18,"Comanche"
"126",5000,"Afro-Asiatic","Africa",29,"Cuvok"
"127",11200,"Atlantic-Congo","Africa",30,"Denya"
"128",1300,"Nuclear Trans New Guinea","Papunesia",22,"Usarufa"
"129",360,"Nuclear Trans New Guinea","Papunesia",16,"Binumarien"
"130",140000,"Atlantic-Congo","Africa",42,"Eggon"
"131",30000,"Atlantic-Congo","Africa",37,"Ekpeye"
"132",20000,"Atlantic-Congo","Africa",37,"Esimbi"
"133",16000,"Central Sudanic","Africa",41,"Furu"
"134",350000,"Atlantic-Congo","Africa",31,"Gbari"
"135",51100,"Nuclear Trans New Guinea","Papunesia",23,"Golin"
"136",1220,NA,NA,24,"Gunwinggu"
"137",1740000,"Atlantic-Congo","Africa",29,"Haya"
"138",47600,"Uto-Aztecan","North America",25,"Huichol"
"139",11000,NA,NA,24,"Huave, San Mateo del Mar"
"140",60000,"Ijoid","Africa",38,"Ibani"
"141",250,"Border","Papunesia",23,"Imonda"
"142",322900,"Nakh-Daghestanian","Eurasia",48,"Ingush"
"143",420,NA,NA,18,"Isaka"
"144",1790,NA,NA,61,"Jemez"
"145",5586000,"Afro-Asiatic","Africa",30,"Kabyle"
"146",960,"Nuclear Torricelli","Papunesia",29,"Kamasau"
"147",65000,"Atlantic-Congo","Africa",41,"Kenyang"
"148",240240,"Austroasiatic","Eurasia",47,"Kharia"
"149",500,NA,NA,40,"Chong"
"150",12115000,"Atlantic-Congo","Africa",49,"Kinyarwanda"
"151",248000,"Ijoid","Africa",36,"Kirike"
"152",530,"Austronesian","Papunesia",27,"Kokota"
"153",3800,"Atlantic-Congo","Africa",49,"Konni"
"154",452800,"Austroasiatic","Eurasia",47,"Kuay"
"155",33200,NA,NA,43,"Kulung"
"156",40000,NA,NA,43,"Kulung"
"157",2400,"","Papunesia",19,"Kuot"
"158",3,"","Eurasia",38,"Kusunda"
"159",158000,"Dravidian","Eurasia",37,"Kuvi"
"160",7,"","South America",45,"Kwaza"
"161",117000,NA,NA,38,"Ladakhi"
"162",410000,"Atlantic-Congo","Africa",52,"Langi"
"163",3253700,"Tai-Kadai","Eurasia",40,"Lao"
"164",1780,"","Papunesia",20,"Lavukaleve"
"165",403000,"Atlantic-Congo","Africa",32,"Lunda"
"166",430600,NA,NA,42,"Lucazi"
"167",1612550,"Indo-European","Eurasia",32,"Macedonian"
"168",1e+05,NA,NA,40,"Mada"
"169",17000,NA,NA,40,"Mada"
"170",7950,"Austronesian","Papunesia",18,"Manam"
"171",18800,"Atlantic-Congo","Africa",40,"Ngemba"
"172",57,NA,NA,24,"Mara"
"173",210000,"Atlantic-Congo","Africa",25,"Medumba"
"174",345530,"Kartvelian","Eurasia",35,"Mingrelian"
"175",35000,"Atlantic-Congo","Africa",41,"Mmen"
"176",6000,"Austronesian","Eurasia",32,"Moken"
"177",50100,"Atlantic-Congo","Africa",33,"Mungaka"
"178",1800,"Austronesian","Papunesia",22,"Mwotlap"
"179",6000,"Sepik","Papunesia",15,"Namia"
"180",10000,"Atlantic-Congo","Africa",53,"Ndemli"
"181",2500,"Nuclear Trans New Guinea","Papunesia",20,"Nankina"
"182",949000,"Nilotic","Africa",23,"Nandi"
"183",797500,"Austroasiatic","Eurasia",44,"Khmu"
"184",3000,"Atlantic-Congo","Africa",44,"Naki"
"185",63000,"Atlantic-Congo","Africa",23,"Ngomba"
"186",45000,"Atlantic-Congo","Africa",59,"Ngombale"
"187",44300,"Afro-Asiatic","Africa",35,"Nubi"
"188",893000,"Nilotic","Africa",48,"Nuer"
"189",200,"Austroasiatic","Eurasia",40,"Nyeu"
"190",250000,"Atlantic-Congo","Africa",37,"Obolo"
"191",4500,"Nuclear Trans New Guinea","Papunesia",20,"Faiwol"
"192",87000,"Atlantic-Congo","Africa",29,"Oku"
"193",18150,"Austronesian","Papunesia",22,"Palauan"
"194",35000,"Nuclear Trans New Guinea","Papunesia",17,"Orokaiva"
"195",2470,"Nuclear Torricelli","Papunesia",23,"Yil"
"196",950,"Nuclear Torricelli","Papunesia",21,"Ningil"
"197",110000,"Austronesian","Papunesia",24,"Dobu"
"198",900,"East Strickland","Papunesia",18,"Samo"
"199",26700,"Austroasiatic","Eurasia",41,"Mal"
"200",740,"Chibchan","North America",28,"Rama"
"201",1250,"Austronesian","Papunesia",20,"Matbat"
"202",10661000,"Atlantic-Congo","Africa",29,"Rundi"
"203",220000,NA,NA,46,"Marwari"
"204",5622600,NA,NA,46,"Marwari"
"205",19712600,NA,NA,46,"Marwari"
"206",62000,"Atlantic-Congo","Africa",34,"Samba Leko"
"207",2100000,"Austronesian","Papunesia",30,"Sasak"
"208",1170,"Tucanoan","South America",18,"Secoya"
"209",1240,"Austronesian","Papunesia",28,"Seimat"
"210",4100,"Austroasiatic","Eurasia",51,"Semelai"
"211",5,"Uto-Aztecan","North America",42,"Serrano"
"212",400,"","Africa",43,"Shabo"
"213",9,NA,NA,18,"Shanenawa"
"214",7223100,"Atlantic-Congo","Africa",42,"Shona"
"215",2080,"Austronesian","Papunesia",22,"Siar-Lak"
"216",20068000,"Indo-European","Eurasia",83,"Saraiki"
"217",320,"Algic","North America",19,"Shawnee"
"218",700,"Sko","Papunesia",23,"Skou"
"219",6000,NA,NA,72,"So"
"220",188000,NA,NA,72,"So"
"221",500,"Austronesian","Papunesia",42,"Satawalese"
"222",441182,NA,NA,30,"Zapotec"
"223",5130,"Austronesian","Papunesia",44,"Yapese"
"224",12,"Algic","North America",35,"Yurok"
"225",3000,"Nuclear Trans New Guinea","Papunesia",26,"Wambon"
"226",10,"","North America",32,"Washo"
"227",850,"Cariban","South America",16,"Wayana"
"228",1620,"Austronesian","Papunesia",20,"Wogeo"
"229",186800,"Mande","Africa",43,"Vai"
"230",34710100,"Indo-European","Eurasia",30,"Ukrainian"
"231",2230,"Nuclear Trans New Guinea","Papunesia",24,"Baruga"
"232",400,"Tucanoan","South America",17,"Tatuyo"
"233",62000,"North Halmahera","Papunesia",25,"Ternate"
"234",40441370,"Indo-European","Eurasia",37,"Polish"
"235",22163020,"Indo-European","Eurasia",39,"Dutch"
"236",3e+05,"Austronesian","Papunesia",27,"Gayo"
"237",30000,"Indo-European","Eurasia",45,"Aragonese"
"238",6e+06,"Atlantic-Congo","Africa",32,"Ibibio"
"239",67965790,"Dravidian","Eurasia",33,"Tamil"
"240",8000,"Austronesian","Papunesia",19,"Selaru"
"241",10400,"Muskogean","North America",21,"Choctaw"
"242",725,"Mixed Language","North America",41,"Michif"
"243",22000,"Kartvelian","Eurasia",32,"Laz"
"244",23700,"Austroasiatic","Eurasia",29,"Juang"
"245",3000,"Timor-Alor-Pantar","Papunesia",40,"Adang"
"246",2600,"Atlantic-Congo","Africa",51,"Ambele"
"247",2780,"Arawakan","South America",40,"Apurinã"
"248",22800,NA,NA,32,"Ika"
"249",1480,"Tupian","South America",27,"Karo"
"250",210,"Tupian","South America",27,"Karo"
"251",3350,NA,NA,25,"Blackfoot"
"252",59,"Muskogean","North America",25,"Koasati"
"253",36,"Salishan","North America",42,"Comox"
"254",845200,NA,NA,42,"Frisian"
"255",132000,"Mayan","North America",36,"Huastec"
"256",7016400,NA,NA,21,"Ilocano"
"257",942700,"Sino-Tibetan","Eurasia",39,"Lisu"
"258",780,"Austronesian","Papunesia",23,"Loniu"
"259",7293000,NA,NA,34,"Mandingo"
"260",4105420,"Indo-European","Eurasia",39,"Catalan"
"261",5256400,"Indo-European","Eurasia",36,"Croatian"
"262",10677190,"Indo-European","Eurasia",38,"Czech"
"263",2392000,"Indo-European","Eurasia",28,"Galician"
"264",37,NA,NA,44,"Mono"
"265",65000,NA,NA,44,"Mono"
"266",2940,NA,NA,44,"Mono"
"267",300,NA,NA,44,"Mono"
"268",23195070,"Austronesian","Papunesia",31,"Indonesian"
"269",63370110,"Indo-European","Eurasia",30,"Italian"
"270",900,"","North America",25,"Seri"
"271",24445500,"Indo-European","Eurasia",54,"Sindhi"
"272",2104630,NA,NA,37,"Slovene"
"273",9244250,"Indo-European","Eurasia",35,"Swedish"
"274",4000,"Arawakan","South America",26,"Yine"
"275",7270,"Sepik","Papunesia",14,"Abau"
"276",563960,"Sino-Tibetan","Eurasia",44,"Akha"
"277",4420,"Border","Papunesia",19,"Amanab"
"278",1000,"South Bird's Head Family","Papunesia",18,"Arandai"
"279",60,"Athabaskan-Eyak-Tlingit","North America",54,"Tanacross"
"280",8000,"Nuclear Torricelli","Papunesia",17,"Au"
"281",3900,"Austronesian","Papunesia",26,"Tinputz"
"282",10000,"Austronesian","Papunesia",30,"Petats"
"283",1700,"Austronesian","Papunesia",44,"Patep"
"284",180000,NA,NA,30,"Kela"
"285",3000,"Austronesian","Papunesia",21,"Sursurunga"
"286",1900,"Nuclear Trans New Guinea","Papunesia",25,"Awara"
"287",19000,"Atlantic-Congo","Africa",56,"Awing"
"288",700,"Sepik","Papunesia",18,"Awtuw"
"289",24500,"Atlantic-Congo","Africa",30,"Baba"
"290",39000,"Atlantic-Congo","Africa",33,"Babanki"
"291",50000,"Atlantic-Congo","Africa",33,"Bakoko"
"292",31000,"Atlantic-Congo","Africa",32,"Bamunka"
"293",14000,"Atlantic-Congo","Africa",40,"Bangolan"
"294",1380,"Austronesian","Papunesia",17,"Bariai"
"295",2980,"Atlantic-Congo","Africa",59,"Befang"
"296",4110000,NA,NA,25,"Bemba"
"297",70000,"Austronesian","Papunesia",24,"Biak"
"298",7000,"Nuclear Trans New Guinea","Papunesia",35,"Binandere"
"299",1e+05,"Afro-Asiatic","Africa",38,"Bole"
"300",10100,"Central Sudanic","Africa",29,"Bongo"
"301",1334380,NA,NA,25,"Boro"
"302",10000,"Indo-European","Eurasia",41,"Brokskat"
"303",600,"Bookkeeping","Africa",39,"Bubia"
"304",1120,"Atlantic-Congo","Africa",54,"Totela"
"305",83000,NA,NA,57,"Jiarong"
"306",26900,NA,NA,31,"Suri"
"307",8740,"","Papunesia",41,"Bilua"
"308",460,"Austronesian","Papunesia",21,"Hoava"
"309",4.5e+07,"Austronesian","Papunesia",27,"Filipino"
"310",3e+05,"Austronesian","Papunesia",33,"Muna"
"311",1740,"","Australia",18,"Tiwi"
"312",80000,"Indo-European","Eurasia",51,"Torwali"
"313",98800,"Sino-Tibetan","Eurasia",37,"Tshangla"
"314",645000,"Indo-European","Eurasia",50,"Mewati"
"315",110000,"Sino-Tibetan","Eurasia",32,"Zaiwa"
"316",600,"Muskogean","North America",25,"Chickasaw"
"317",3e+05,"Indo-European","Eurasia",39,"Friulian"
"318",2500,"Atlantic-Congo","Africa",39,"Ega"
"319",3960,"Siouan","North America",23,"Crow"
"320",8214000,"Atlantic-Congo","Africa",60,"Akan"
"321",250,NA,NA,26,"Nen"
"322",430000,NA,NA,37,"Songhay, Koyraboro Senni"
"323",26000,NA,NA,36,"Lele"
"324",26000,NA,NA,36,"Lele"
"325",23000,NA,NA,36,"Lele"
"326",3400,NA,NA,36,"Lele"
"327",380,"Arawan","South America",59,"Madi"
"328",70000,"Central Sudanic","Africa",38,"Moru"
"329",210000,"Central Sudanic","Africa",39,"Logo"
"330",4000,"Nyimang","Africa",26,"Afitti"
"331",27200,"Atlantic-Congo","Africa",50,"Avatime"
"332",25000,"Atlantic-Congo","Africa",40,"Abua"
"333",30000,"Afro-Asiatic","Africa",38,"Dghwede"
"334",25000,"Atlantic-Congo","Africa",51,"Eloyi"
"335",110000,NA,NA,36,"Kofyar"
"336",58000,"Atlantic-Congo","Africa",44,"Krache"
"337",7500,NA,NA,46,"Banda, West Central"
"338",250000,NA,NA,60,"Dinka, South Central"
"339",25500,"Atlantic-Congo","Africa",44,"Foodo"
"340",70000,"Nilotic","Africa",39,"Jumjum"
"341",41000,"Nilotic","Africa",38,"Burun"
"342",1750000,"Afro-Asiatic","Africa",32,"Maay"
"343",50000,"Nilotic","Africa",45,"Mabaan"
"344",8169300,"Atlantic-Congo","Africa",84,"Xhosa"
"345",71900,"Atlantic-Congo","Africa",37,"Siwu"
"346",178000,"Atlantic-Congo","Africa",31,"Sherbro"
"347",326000,"Atlantic-Congo","Africa",36,"Mampruli"
"348",2210000,"Atlantic-Congo","Africa",40,"Tiv"
"349",224000,"Afro-Asiatic","Africa",30,"Xamtanga"
"350",60000,NA,NA,45,"Lika"
"351",1e+05,"Atlantic-Congo","Africa",32,"Lengola"
"352",12700,"Atlantic-Congo","Africa",24,"Wongo"
"353",1968000,"Afro-Asiatic","Africa",27,"Afar"
"354",326700,"Atlantic-Congo","Africa",67,"Mundang"
"355",37,NA,NA,62,"Mono"
"356",65000,NA,NA,62,"Mono"
"357",2940,NA,NA,62,"Mono"
"358",300,NA,NA,62,"Mono"
"359",284000,"Atlantic-Congo","Africa",56,"Tupuri"
"360",20250,"Atlantic-Congo","Africa",56,"Kuo"
"361",380,NA,NA,57,"Kare"
"362",97460,NA,NA,57,"Kare"
"363",21000,"Atlantic-Congo","Africa",34,"Avikam"
"364",175000,"Nilotic","Africa",54,"Shilluk"
"365",25000,"Afro-Asiatic","Africa",30,"Pero"
"366",1401000,"Afro-Asiatic","Africa",56,"Hadiyya"
"367",150000,NA,NA,55,"Nyanga"
"368",135000,"Nilotic","Africa",56,"Otuho"
"369",106100,"Mande","Africa",27,"Manya"
"370",101800,"Songhay","Africa",70,"Tadaksahak"
"371",792300,"Afro-Asiatic","Africa",59,"Kambaata"
"372",10000,"Heibanic","Africa",44,"Otoro"
"373",40000,"Heibanic","Africa",42,"Tira"
"374",100,"Afro-Asiatic","Africa",56,"Nyam"
"375",6560,NA,NA,33,"Mawa"
"376",44300,NA,NA,45,"Koalib"
"377",241000,"Atlantic-Congo","Africa",31,"Kagulu"
"378",200,"Ijoid","Africa",42,"Defaka"
"379",313000,"Atlantic-Congo","Africa",38,"Tee"
"380",1916000,"Nilotic","Africa",37,"Kipsigis"
"381",95000,"Atlantic-Congo","Africa",35,"Pangwa"
"382",15500,"Atlantic-Congo","Africa",26,"Holoholo"
"383",2520,NA,NA,46,"Buli"
"384",168000,NA,NA,46,"Buli"
"385",1534800,"Mande","Africa",92,"Dan"
"386",7218390,"Indo-European","Africa",39,"Afrikaans"
"387",46940,"Afro-Asiatic","Africa",38,"Argobba"
"388",33570,"Afro-Asiatic","Africa",34,"Harari"
"389",1365900,"Nilotic","Africa",49,"Dinka"
"390",365700,NA,NA,40,"Nzema"
"391",175000,"Atlantic-Congo","Africa",40,"Ahanta"
"392",10000,"Afro-Asiatic","Africa",43,"Buwal"
"393",40000,"Afro-Asiatic","Africa",41,"Lamang"
"394",2e+05,"Atlantic-Congo","Africa",46,"Ikwere"
"395",10000,"Afro-Asiatic","Africa",41,"Lagwan"
"396",15000,"Afro-Asiatic","Africa",45,"Mbuko"
"397",8500,"Afro-Asiatic","Africa",47,"Moloko"
"398",30000,"Afro-Asiatic","Africa",46,"Muyang"
"399",63000,"Atlantic-Congo","Africa",27,"Ngomba"
"400",61000,"Atlantic-Congo","Africa",40,"Nateni"
"401",8000,"Atlantic-Congo","Africa",47,"Weh"
"402",2500,"Kadugli-Krongo","Africa",59,"Tulishi"
"403",6070,"Kadugli-Krongo","Africa",59,"Keiga"
"404",21700,"Kadugli-Krongo","Africa",62,"Krongo"
"405",50000,"Central Sudanic","Africa",54,"Morokodo"
"406",495000,"Central Sudanic","Africa",49,"Aringa"
"407",15000,"Narrow Talodi","Africa",35,"Lumun"
"408",60000,"Surmic","Africa",58,"Didinga"
"409",80000,"Nilotic","Africa",32,"Luwo"
"410",1527000,NA,NA,29,"Acholi"
"411",16000,"Atlantic-Congo","Africa",43,"Belanda Viri"
"412",20000,"Atlantic-Congo","Africa",38,"Ndogo"
"413",250000,"Afro-Asiatic","Africa",46,"Bade"
"414",205000,"Atlantic-Congo","Africa",29,"Jita"
"415",1100,"South Omotic","Africa",73,"Dime"
"416",60000,"Atlantic-Congo","Africa",51,"Bafia"
"417",2130000,NA,NA,40,"Lango"
"418",38000,NA,NA,40,"Lango"
"419",530000,"Atlantic-Congo","Africa",36,"Nyole"
"420",10000,"Atlantic-Congo","Africa",36,"Degema"
"421",200,"Indo-European","Africa",31,"Principense"
"422",20400,"Atlantic-Congo","Africa",34,"Nkonya"
"423",44800,"Central Sudanic","Africa",48,"Bagirmi"
"424",1e+05,"Central Sudanic","Africa",56,"Ngiti"
"425",88300,"Central Sudanic","Africa",44,"Mbay"
"426",219000,NA,NA,44,"Gumuz"
"427",50,"Kuliak","Africa",28,"Soo"
"428",370600,"Ta-Ne-Omotic","Africa",40,"Bench"
"429",92200,"Ta-Ne-Omotic","Africa",40,"Yemsa"
"430",1094400,"Ta-Ne-Omotic","Africa",36,"Gamo"
"431",159370,"Ta-Ne-Omotic","Africa",61,"Koorete"
"432",298300,"South Omotic","Africa",36,"Aari"
"433",4e+05,NA,NA,28,"Komo"
"434",18530,NA,NA,28,"Komo"
"435",15000,"Koman","Africa",25,"Kwama"
"436",1e+05,"Atlantic-Congo","Africa",46,"Mayogo"
"437",2490000,NA,NA,68,"Ndebele"
"438",1634800,NA,NA,68,"Ndebele"
"439",65,"Atlantic-Congo","Africa",31,"Dompo"
"440",4410,NA,NA,34,"Heiban"
"441",60000,"Mande","Africa",43,"Koyaga"
"442",200,"Atlantic-Congo","Africa",31,"Mbalanhu"
"443",30000,"Atlantic-Congo","Africa",37,"Kwambi"
"444",915700,"Atlantic-Congo","Africa",38,"Konkomba"
"445",670000,NA,NA,34,"Bena"
"446",95000,NA,NA,34,"Bena"
"447",10000,"Mande","Africa",38,"Kakabe"
"448",26000,NA,NA,28,"Lele"
"449",26000,NA,NA,28,"Lele"
"450",23000,NA,NA,28,"Lele"
"451",3400,NA,NA,28,"Lele"
"452",15000,NA,NA,37,"Kyanga"
"453",6000,"Mande","Africa",37,"Shanga"
"454",55100,"Atlantic-Congo","Africa",38,"Abure"
"455",12000,"Atlantic-Congo","Africa",37,"Bankon"
"456",26700,"Atlantic-Congo","Africa",49,"Aghem"
"457",10320,"Afro-Asiatic","Africa",59,"Arbore"
"458",50500,"Atlantic-Congo","Africa",38,"Abidji"
"459",1e+05,"Atlantic-Congo","Africa",32,"Adioukrou"
"460",23000,"Atlantic-Congo","Africa",36,"Alladian"
"461",10000,"Atlantic-Congo","Africa",34,"Akpes"
"462",40000,NA,NA,74,"Iten"
"463",893000,"Nilotic","Africa",48,"Nuer"
"464",50000,"Atlantic-Congo","Africa",39,"Izere"
"465",23000,"Atlantic-Congo","Africa",44,"Jere"
"466",7500,"Atlantic-Congo","Africa",35,"Logba"
"467",553400,"Afro-Asiatic","Africa",39,"Awngi"
"468",31300,"Afro-Asiatic","Africa",43,"Glavda"
"469",424000,"Atlantic-Congo","Africa",69,"Ronga"
"470",348000,NA,NA,39,"Comorian, Ndzwani"
"471",12500,"Indo-European","Africa",36,"Angolar"
"472",4530000,NA,NA,60,"Oromo, Eastern"
"473",1e+05,"Atlantic-Congo","Africa",32,"Akoose"
"474",5000,"Atlantic-Congo","Africa",34,"Bassossi"
"475",1613000,NA,NA,36,"Liberian English"
"476",60000,"Mande","Africa",36,"Gban"
"477",500,NA,NA,38,"Eton"
"478",250000,NA,NA,38,"Eton"
"479",440000,"Maban","Africa",45,"Masalit"
"480",2e+05,"Afro-Asiatic","Africa",60,"Tangale"
"481",7300000,"Atlantic-Congo","Africa",57,"Sukuma"
"482",716110,"Indo-European","Africa",35,"Krio"
"483",5e+06,NA,NA,22,"Kituba"
"484",1490000,NA,NA,22,"Kituba"
"485",26000,"Atlantic-Congo","Africa",39,"Tuki"
"486",43200,NA,NA,35,"Baka"
"487",26300,NA,NA,35,"Baka"
"488",21400,"Atlantic-Congo","Africa",47,"Bum"
"489",25000,"Afro-Asiatic","Africa",46,"Daba"
"490",15000,"Afro-Asiatic","Africa",55,"Gavar"
"491",2130000,NA,NA,32,"Lango"
"492",38000,NA,NA,32,"Lango"
"493",7600,"Atlantic-Congo","Africa",33,"Igo"
"494",121400,"Atlantic-Congo","Africa",47,"Kako"
"495",10000,"Atlantic-Congo","Africa",43,"Kwanja"
"496",4000,NA,NA,52,"Mandara"
"497",8500,"Afro-Asiatic","Africa",46,"Vame"
"498",65000,"Atlantic-Congo","Africa",57,"Mbe"
"499",24700,NA,NA,89,"Mfumte"
"500",400,"Atlantic-Congo","Africa",40,"Kwami"
"501",20000,"Afro-Asiatic","Africa",38,"Siwi"
"502",55000,"Atlantic-Congo","Africa",24,"Ndamba"
"503",1850,"Atlantic-Congo","Africa",36,"Mungbam"
"504",500,"Atlantic-Congo","Africa",38,"Mundabli"
"505",200,"Atlantic-Congo","Africa",39,"Ajumbu"
"506",3000,"Atlantic-Congo","Africa",37,"Koshin"
"507",4000,NA,NA,36,"Fang"
"508",1071900,NA,NA,36,"Fang"
"509",411200,"Mande","Africa",54,"Kuranko"
"510",20000,"Atlantic-Congo","Africa",31,"Mokpwe"
"511",46400,"","Africa",41,"Siamou"
"512",250000,"Atlantic-Congo","Africa",30,"Ngiemboon"
"513",35000,NA,NA,35,"Nugunu"
"514",66300,"Afro-Asiatic","Africa",33,"Orma"
"515",24600,"Atlantic-Congo","Africa",66,"Pinyin"
"516",85980,"Atlantic-Congo","Africa",66,"Pana"
"517",7800,"Atlantic-Congo","Africa",66,"Pana"
"518",50000,NA,NA,39,"Toura"
"519",1800,NA,NA,39,"Toura"
"520",3000,"Atlantic-Congo","Africa",49,"Wawa"
"521",3896000,"Afro-Asiatic","Africa",37,"Tachelhit"
"522",4e+05,"Atlantic-Congo","Africa",36,"Fuliiru"
"523",60000,"","Africa",64,"Sandawe"
"524",116700,"Atlantic-Congo","Africa",29,"Ejagham"
"525",3e+05,"Atlantic-Congo","Africa",27,"Yemba"
"526",70100,"Afro-Asiatic","Africa",36,"Burji"
"527",48900,"Atlantic-Congo","Africa",36,"Anii"
"528",195000,"Atlantic-Congo","Africa",35,"Fipa"
"529",14000,"Atlantic-Congo","Africa",40,"Nawuri"
"530",500,"Ta-Ne-Omotic","Africa",48,"Anfillo"
"531",2000,"Atlantic-Congo","Africa",64,"Iyive"
"532",24628290,"Austronesian","Papunesia",24,"Tagalog"
"533",25000,"Austronesian","Papunesia",23,"Kimaragang"
"534",1240,NA,NA,25,"Belait"
"535",1500,"Austronesian","Eurasia",46,"Moklen"
"536",6000,"Austronesian","Eurasia",38,"Moken"
"537",770000,"Austronesian","Papunesia",25,"Nias"
"538",84368500,"Austronesian","Papunesia",33,"Javanese"
"539",96000,"Austronesian","Papunesia",23,"Buol"
"540",14000,"Austronesian","Papunesia",27,"Mori Bawah"
"541",240000,"Austronesian","Papunesia",29,"Kambera"
"542",463500,NA,NA,18,"Tetun"
"543",7500,NA,NA,22,"Leti"
"544",70000,"Austronesian","Papunesia",19,"Biak"
"545",23195070,"Austronesian","Papunesia",31,"Indonesian"
"546",15810000,"Austronesian","Papunesia",21,"Cebuano"
"547",5017800,NA,NA,25,"Bugis"
"548",5770000,"Austronesian","Papunesia",25,"Hiligaynon"
"549",5530000,"Austronesian","Papunesia",33,"Minangkabau"
"550",80000,"Austronesian","Papunesia",42,"Tengger"
"551",28400,"Sino-Tibetan","Eurasia",40,"Apatani"
"552",12828220,"Indo-European","Eurasia",37,"Assamese"
"553",3032000,"Indo-European","Eurasia",45,"Awadhi"
"554",135000,"Dravidian","Eurasia",38,"Badaga"
"555",347000,"Sino-Tibetan","Eurasia",53,"Balti"
"556",242315050,"Indo-European","Eurasia",48,"Bengali"
"557",3310000,"Indo-European","Eurasia",62,"Bhili"
"558",10000,"Indo-European","Eurasia",56,"Brokskat"
"559",3070000,"Indo-European","Eurasia",55,"Bundeli"
"560",1750,NA,NA,42,"Darmiya"
"561",1009000,"Sino-Tibetan","Eurasia",21,"Garo"
"562",46857670,"Indo-European","Eurasia",60,"Gujarati"
"563",793000,"Indo-European","Eurasia",42,"Halbi"
"564",260129750,"Indo-European","Eurasia",58,"Hindi"
"565",1040000,"Austroasiatic","Eurasia",43,"Ho"
"566",2e+05,NA,NA,52,"Irula"
"567",1e+05,"Indo-European","Eurasia",51,"Jaunsari"
"568",23700,"Austroasiatic","Eurasia",36,"Juang"
"569",1700000,"Indo-European","Eurasia",41,"Kangri"
"570",37739040,"Dravidian","Eurasia",47,"Kannada"
"571",5484000,"Indo-European","Eurasia",56,"Kashmiri"
"572",240240,"Austroasiatic","Eurasia",45,"Kharia"
"573",843000,"Austroasiatic","Eurasia",40,"Khasi"
"574",2423540,NA,NA,45,"Konkani"
"575",6057440,NA,NA,45,"Konkani"
"576",574000,"Austroasiatic","Eurasia",37,"Korku"
"577",930,NA,NA,41,"Kota"
"578",39000,NA,NA,41,"Kota"
"579",362000,"Dravidian","Eurasia",31,"Koya"
"580",1900,NA,NA,39,"Kui"
"581",916000,NA,NA,39,"Kui"
"582",1804200,NA,NA,56,"Kurux"
"583",158000,"Dravidian","Eurasia",47,"Kuvi"
"584",117000,NA,NA,45,"Ladakhi"
"585",33890000,"Indo-European","Eurasia",42,"Maithili"
"586",34451800,"Dravidian","Eurasia",43,"Malayalam"
"587",71775760,"Indo-European","Eurasia",55,"Marathi"
"588",551000,"Sino-Tibetan","",46,"Mising"
"589",1120280,"Austroasiatic","Eurasia",39,"Mundari"
"590",15372600,"Indo-European","Eurasia",47,"Nepali"
"591",16160600,"Indo-European","Eurasia",47,"Nepali"
"592",32656870,NA,NA,43,"Oriya"
"593",350000,"Dravidian","Eurasia",32,"Pengo"
"594",14100,"Indo-European","Eurasia",45,"Sanskrit"
"595",562400,"Indo-European","Eurasia",48,"Shina"
"596",24445500,"Indo-European","Eurasia",61,"Sindhi"
"597",67965790,"Dravidian","Eurasia",43,"Tamil"
"598",74244300,"Dravidian","Eurasia",51,"Telugu"
"599",1560,"Dravidian","Eurasia",53,"Toda"
"600",1720000,"Dravidian","Eurasia",35,"Tulu"
"601",69050130,"Indo-European","Eurasia",54,"Urdu"
"602",258410,"Araucanian","South America",28,"Mapudungun"
"603",250,"Arawakan","South America",29,"Achagua"
"604",2780,"Arawakan","South America",34,"Apurinã"
"605",35200,"Arawakan","South America",22,"Asháninka"
"606",610,NA,NA,24,"Baniwa"
"607",610,NA,NA,26,"Baniwa"
"608",240,"Arawakan","South America",23,"Baré"
"609",270,"Arawakan","South America",17,"Cabiyarí"
"610",300,"Arawakan","South America",27,"Caquinte"
"611",2,"Arawakan","South America",29,"Chamicuro"
"612",11880,"Arawakan","South America",29,"Curripaco"
"613",320,"Arawakan","South America",25,"Enawené-Nawé"
"614",4,"Arawakan","South America",31,"Iñapari"
"615",5910,NA,NA,27,"Matsigenka"
"616",230,"Arawakan","South America",23,"Mehináku"
"617",250,"Arawakan","South America",27,"Nanti"
"618",6500,NA,NA,25,"Nomatsigenga"
"619",1540,"Arawakan","South America",24,"Palikúr"
"620",20,"Arawakan","South America",25,"Paraujano"
"621",6380,"Arawakan","South America",19,"Piapoco"
"622",14,"Arawakan","South America",37,"Resígaro"
"623",100,"Arawakan","South America",38,"Tariana"
"624",15800,NA,NA,23,"Terêna"
"625",320,"Arawakan","South America",26,"Waurá"
"626",1,"Arawakan","South America",21,"Yavitero"
"627",8,"Arawakan","South America",21,"Yawalapití"
"628",4000,"Arawakan","South America",26,"Yine"
"629",1800,"Arawakan","South America",21,"Yucuna"
"630",40,"Arawakan","South America",18,"Baure"
"631",4500,"Arawakan","South America",19,"Ignaciano"
"632",740,NA,NA,22,"Dení"
"633",800,NA,NA,16,"Jamamadí"
"634",3900,NA,NA,21,"Kulina"
"635",290,NA,NA,28,"Paumarí"
"636",140,"Arawan","South America",23,"Suruahá"
"637",1702000,NA,NA,32,"Aymara"
"638",740,"Aymaran","South America",42,"Jaqaru"
"639",15130,"Barbacoan","South America",26,"Awa-Cuaiquer"
"640",21000,"Barbacoan","South America",25,"Guambiano"
"641",850,"Boran","South America",41,"Bora"
"642",150,"Boran","South America",28,"Muinane"
"643",7870,"Cahuapanan","South America",18,"Shawi"
"644",10,"Cariban","South America",24,"Akurio"
"645",450,"Cariban","South America",24,"Apalaí"
"646",340,NA,NA,17,"Arára, Pará"
"647",950,"Cariban","South America",30,"Bakairí"
"648",950,"Cariban","South America",28,"Bakairí"
"649",7358,NA,NA,17,"Carib"
"650",7358,NA,NA,15,"Carib"
"651",7358,NA,NA,15,"Carib"
"652",6,"Cariban","South America",21,"Carijona"
"653",600,"Cariban","South America",23,"Hixkaryána"
"654",310,"Cariban","South America",18,"Ikpeng"
"655",170,NA,NA,20,"Japreria"
"656",1010,"Cariban","South America",26,"Kuikúro-Kalapálo"
"657",18030,"Cariban","South America",22,"Macushi"
"658",12,"Cariban","South America",19,"Mapoyo"
"659",6010,"Cariban","South America",21,"Pemon"
"660",6010,"Cariban","South America",17,"Pemon"
"661",1530,"Cariban","South America",24,"Trió"
"662",930,NA,NA,27,"Waimiri-Atroarí"
"663",2230,"Cariban","South America",20,"Waiwai"
"664",850,"Cariban","South America",16,"Wayana"
"665",20,"Cariban","South America",18,"Yabarana"
"666",2,"Chapacuran","South America",18,"Oro Win"
"667",22800,NA,NA,21,"Ika"
"668",5000,"Chibchan","South America",22,"Barí"
"669",350,"Chibchan","South America",36,"Chimila"
"670",2580,"","South America",37,"Cofán"
"671",9910,NA,NA,36,"Kogi"
"672",10800,"Chocoan","South America",33,"Woun Meu"
"673",5000,"Chocoan","South America",33,"Emberá-Baudó"
"674",15040,"Chocoan","South America",31,"Emberá-Catío"
"675",5510,"Chocoan","South America",28,"Emberá-Chamí"
"676",4010,"Chocoan","South America",38,"Epena"
"677",2850,"Guahiboan","South America",25,"Cuiba"
"678",34200,"Guahiboan","South America",35,"Guahibo"
"679",1000,"Guahiboan","South America",22,"Guayabero"
"680",300,"Guahiboan","South America",22,"Macaguán"
"681",1590,"Guaicuruan","South America",31,"Kadiwéu"
"682",3000,"Guaicuruan","South America",29,"Mocoví"
"683",4000,"Guaicuruan","South America",22,"Pilagá"
"684",40760,"Guaicuruan","South America",26,"Toba"
"685",40760,"Guaicuruan","South America",28,"Toba"
"686",1910,"Harakmbut","South America",33,"Amarakaeri"
"687",4000,"","South America",27,"Camsá"
"688",4,"","South America",33,"Cayubaba"
"689",5,"","South America",25,"Itonama"
"690",20,"","South America",30,"Leco"
"691",1450,"","South America",29,"Movima"
"692",40000,"","South America",49,"Páez"
"693",2880,"","South America",19,"Puinave"
"694",1,"","South America",17,"Taushiro"
"695",47200,"Ticuna-Yuri","South America",33,"Ticuna"
"696",2,"","South America",40,"Tinigua"
"697",51,"","South America",29,"Trumai"
"698",3000,"","South America",21,"Urarina"
"699",1650,"","South America",32,"Waorani"
"700",28500,"","South America",16,"Warao"
"701",10620,"Chicham","South America",27,"Achuar-Shiwiar"
"702",61900,"Chicham","South America",21,"Shuar"
"703",1260,"Nuclear-Macro-Je","South America",34,"Apinayé"
"704",2,"Nuclear-Macro-Je","South America",25,"Arikapú"
"705",1392,NA,NA,22,"Borôro"
"706",2500,NA,NA,29,"Canela"
"707",4,"","South America",25,"Guató"
"708",1,NA,NA,24,"Jabutí"
"709",18000,"Nuclear-Macro-Je","South America",16,"Kaingang"
"710",2670,"Nuclear-Macro-Je","South America",24,"Karajá"
"711",1900,"Nuclear-Macro-Je","South America",46,"Krahô"
"712",10,"Nuclear-Macro-Je","South America",35,"Krenak"
"713",1270,"Nuclear-Macro-Je","South America",20,"Maxakalí"
"714",2,"Nuclear-Macro-Je","South America",24,"Ofayé"
"715",375,"Nuclear-Macro-Je","South America",26,"Panará"
"716",40,"Nuclear-Macro-Je","South America",28,"Rikbaktsa"
"717",350,"Nuclear-Macro-Je","South America",28,"Suyá"
"718",1,"Bororoan","South America",20,"Umotína"
"719",9600,"Nuclear-Macro-Je","South America",24,"Xavánte"
"720",1810,"Nuclear-Macro-Je","South America",27,"Xerénte"
"721",760,"Nuclear-Macro-Je","South America",37,"Xokleng"
"722",1500,NA,NA,32,"Maka"
"723",5320,NA,NA,41,"Tsimané"
"724",360,"","South America",11,"Pirahã"
"725",85,"Nadahup","South America",39,"Dâw"
"726",400,"Nadahup","South America",34,"Nadëb"
"727",500,"Nadahup","South America",35,"Yuhup"
"728",330,"Nambiquaran","South America",34,"Mamaindé"
"729",7,"Nambiquaran","South America",16,"Sabanê"
"730",520,"Pano-Tacanan","South America",23,"Amahuaca"
"731",50,"Pano-Tacanan","South America",24,"Capanahua"
"732",550,"Pano-Tacanan","South America",20,"Chácobo"
"733",1150,NA,NA,23,"Kashinawa"
"734",270,"Pano-Tacanan","South America",20,"Kaxararí"
"735",26,"Pano-Tacanan","South America",20,"Korubo"
"736",320,"Pano-Tacanan","South America",21,"Matís"
"737",2230,"Pano-Tacanan","South America",21,"Matsés"
"738",9,NA,NA,18,"Shanenawa"
"739",520,"Pano-Tacanan","South America",19,"Yawanawa"
"740",170,"Pano-Tacanan","South America",22,"Yora"
"741",5000,"Peba-Yagua","South America",23,"Yagua"
"742",22000,"Quechuan","South America",22,"Inga"
"743",22000,"Quechuan","South America",16,"Inga"
"744",14580,"Jodi-Saliban","South America",30,"Piaroa"
"745",1550,"Jodi-Saliban","South America",30,"Sáliba"
"746",110,"Pano-Tacanan","South America",23,"Araona"
"747",1680,"Pano-Tacanan","South America",24,"Cavineña"
"748",1090,"Pano-Tacanan","South America",21,"Ese Ejja"
"749",250,"Pano-Tacanan","South America",22,"Reyesano"
"750",1820,"Pano-Tacanan","South America",22,"Tacana"
"751",1890,"Tucanoan","South America",17,"Barasana-Eduria"
"752",3420,"Tucanoan","South America",18,"Desano"
"753",2100,"Tucanoan","South America",30,"Koreguaje"
"754",1170,"Tucanoan","South America",22,"Macuna"
"755",1880,NA,NA,24,"Piratapuyo"
"756",1170,"Tucanoan","South America",26,"Secoya"
"757",500,NA,NA,30,"Siona"
"758",217,"Tucanoan","South America",23,"Siriano"
"759",300,"Tucanoan","South America",21,"Tanimuca-Retuarã"
"760",400,"Tucanoan","South America",17,"Tatuyo"
"761",6600,"Tucanoan","South America",27,"Tucano"
"762",940,"Tucanoan","South America",23,"Tuyuca"
"763",539,"Tucanoan","South America",22,"Waimaha"
"764",1000,"Tupian","South America",34,"Aché"
"765",83,"Tupian","South America",26,"Amundava"
"766",1,"Tupian","South America",22,"Apiaká"
"767",280,"Tupian","South America",21,"Araweté"
"768",14,"Tupian","South America",24,"Avá-Canoeiro"
"769",170,"Tupian","South America",26,"Awetí"
"770",400,"Tupian","South America",30,"Emerillon"
"771",340,NA,NA,29,"Gavião do Jiparaná"
"772",280,"Tupian","South America",24,"Guajá"
"773",13100,"Tupian","South America",22,"Guajajára"
"774",5930,"Tupian","South America",26,"Guarayu"
"775",7,"Tupian","South America",24,"Júma"
"776",280,"Tupian","South America",28,"Jurúna"
"777",800,NA,NA,26,"Kaapor"
"778",18000,"Tupian","South America",26,"Kaiwá"
"779",400,"Tupian","South America",26,"Kamayurá"
"780",210,"Tupian","South America",31,"Karitiâna"
"781",1480,"Tupian","South America",25,"Karo"
"782",210,"Tupian","South America",25,"Karo"
"783",1000,"Tupian","South America",26,"Kayabí"
"784",3,"Tupian","South America",28,"Kuruáya"
"785",45,"Tupian","South America",20,"Makuráp"
"786",7500,"Tupian","South America",37,"Mundurukú"
"787",10,"Tupian","South America",18,"Omagua"
"788",600,"Tupian","South America",27,"Pai Tavytera"
"789",900,"Tupian","South America",17,"Parakanã"
"790",25,NA,NA,26,"Sakirabiá"
"791",9160,"Tupian","South America",27,"Sateré-Mawé"
"792",1010,"Tupian","South America",29,"Suruí"
"793",560,"Tupian","South America",23,"Tapirapé"
"794",150,NA,NA,21,"Tembé"
"795",580,NA,NA,26,"Tenharim"
"796",340,"Tupian","South America",29,"Tuparí"
"797",87,"Tupian","South America",26,"Uru-Eu-Wau-Wau"
"798",1180,"Tupian","South America",25,"Wayampi"
"799",1180,"Tupian","South America",26,"Wayampi"
"800",1,"Tupian","South America",23,"Xipaya"
"801",400,"Tupian","South America",30,"Sirionó"
"802",120,"Tupian","South America",40,"Yuqui"
"803",180,"","South America",25,"Aikanã"
"804",5,NA,NA,26,"Kanoé"
"805",7,"","South America",35,"Kwaza"
"806",7900,"","South America",38,"Pumé"
"807",1200,"Uru-Chipaya","South America",51,"Chipaya"
"808",2,"Uru-Chipaya","South America",33,"Uru"
"809",6800,NA,NA,24,"Huitoto, Minica"
"810",7800,NA,NA,20,"Huitoto, Murui"
"811",3,"Huitotoan","South America",26,"Nonuya"
"812",194,"Huitotoan","South America",35,"Ocaina"
"813",900,"Yanomamic","South America",18,"Ninam"
"814",5070,"Yanomamic","South America",24,"Sanumá"
"815",6000,"Yanomamic","South America",20,"Yanomámi"
"816",19700,"Yanomamic","South America",19,"Yanomamö"
"817",1600,"Zamucoan","South America",37,"Chamacoco"
"818",4300,"Zamucoan","South America",30,"Ayoreo"
"819",50,"Zaparoan","South America",29,"Arabela"
"820",5,"Zaparoan","South America",22,"Záparo"
"821",1702000,NA,NA,31,"Aymara"
"822",17,"Pano-Tacanan","South America",20,"Pacahuara"
"823",6020,"Cariban","South America",21,"Yukpa"
"824",6020,"Cariban","South America",18,"Yukpa"
"825",5500,"Arawakan","South America",30,"Trinitario"
"826",21821520,"Afro-Asiatic","Africa",68,"Amharic"
"827",291783650,NA,NA,37,"Arabic"
"828",12828220,"Indo-European","Eurasia",33,"Assamese"
"829",160,"Nyulnyulan","Australia",25,"Bardi"
"830",541600,"","Eurasia",35,"Basque"
"831",242315050,"Indo-European","Eurasia",72,"Bengali"
"832",8068620,"Indo-European","Eurasia",30,"Bulgarian"
"833",32875600,"Sino-Tibetan","Eurasia",56,"Burmese"
"834",1281751240,NA,NA,48,"Chinese"
"835",5532120,"Indo-European","Eurasia",69,"Danish"
"836",22163020,"Indo-European","Eurasia",37,"Dutch"
"837",22163020,"Indo-European","Eurasia",56,"Dutch"
"838",22163020,"Indo-European","Eurasia",51,"Dutch"
"839",22163020,"Indo-European","Eurasia",54,"Dutch"
"840",22163020,"Indo-European","Eurasia",58,"Dutch"
"841",22163020,"Indo-European","Eurasia",57,"Dutch"
"842",1217540,"Uralic","Eurasia",54,"Estonian"
"843",76096430,"Indo-European","Eurasia",36,"French"
"844",13077490,NA,NA,41,"Greek"
"845",13077490,NA,NA,23,"Greek"
"846",27374100,"Afro-Asiatic","Africa",46,"Hausa"
"847",5239200,NA,NA,27,"Hebrew"
"848",260129750,"Indo-European","Eurasia",74,"Hindi"
"849",12596540,"Uralic","Eurasia",64,"Hungarian"
"850",18007950,"Atlantic-Congo","Africa",35,"Igbo"
"851",167940,"Indo-European","Eurasia",50,"Irish"
"852",63370110,"Indo-European","Eurasia",70,"Italian"
"853",128193360,"Japonic","Eurasia",21,"Japanese"
"854",77233270,"Koreanic","Eurasia",48,"Korean"
"855",254430,"","Africa",34,"Kunama"
"856",336000,"Indo-European","Eurasia",46,"Luxembourgish"
"857",2990,NA,NA,58,"Mah Meri"
"858",108000,"","Africa",59,"Nara"
"859",15372600,"Indo-European","Eurasia",74,"Nepali"
"860",16160600,"Indo-European","Eurasia",74,"Nepali"
"861",61929420,NA,NA,29,"Persian"
"862",5149000,"Indo-European","Eurasia",44,"Slovak"
"863",436667750,"Indo-European","Eurasia",38,"Spanish"
"864",101000,"Afro-Asiatic","Africa",53,"Tera"
"865",20548550,"Tai-Kadai","Eurasia",47,"Thai"
"866",71083170,"Turkic","Eurasia",36,"Turkish"
"867",50500,"Afro-Asiatic","Africa",30,"Kera"
"868",3670,"Indo-European","Eurasia",35,"Kumzari"
"869",3160,"Pama-Nyungan","Australia",25,"Pitjantjatjara"
"870",68058620,"Austroasiatic","Eurasia",45,"Vietnamese"
"871",1420,"Nakh-Daghestanian","Eurasia",60,"Hunzib"
"872",16800,"Tungusic","Eurasia",29,"Evenki"
"873",322900,"Nakh-Daghestanian","Eurasia",69,"Ingush"
"874",1050,"Turkic","Eurasia",42,"Dolgan"
"875",23700,"Austroasiatic","Eurasia",37,"Juang"
"876",5532120,"Indo-European","Eurasia",26,"Danish"
"877",76096430,"Indo-European","Eurasia",34,"French"
"878",3000,"Indo-European","Eurasia",39,"Ishkashimi"
"879",15000,"Indo-European","Eurasia",49,"Mirandese"
"880",98800,"Sino-Tibetan","Eurasia",39,"Tshangla"
"881",5300,"Indo-European","Eurasia",44,"Munji"
"882",158000,"Dravidian","Eurasia",37,"Kuvi"
"883",6000,"Sino-Tibetan","Eurasia",29,"Thakali"
"884",1120280,"Austroasiatic","Eurasia",28,"Mundari"
"885",80,"Chukotko-Kamchatkan","Eurasia",32,"Itelmen"
"886",23290,NA,NA,47,"Bhujel"
"887",1000,"Mongolic","Eurasia",36,"Kangjia"
"888",96100,NA,NA,57,"Daur"
"889",584670,NA,NA,38,"Karakalpak"
"890",70,"Indo-European","Eurasia",35,"Wymysorys"
"891",3e+05,"Indo-European","Eurasia",39,"Friulian"
"892",336000,"Indo-European","Eurasia",48,"Luxembourgish"
"893",15372600,"Indo-European","Eurasia",44,"Nepali"
"894",16160600,"Indo-European","Eurasia",44,"Nepali"
"895",10000,"Sino-Tibetan","Eurasia",66,"Baima"
"896",2990,NA,NA,58,"Mah Meri"
"897",585500,"Abkhaz-Adyge","Eurasia",59,"Adyghe"
"898",427800,"Turkic","Eurasia",31,"Kumyk"
"899",4280,"Sino-Tibetan","Eurasia",48,"Chantyal"
"900",39445300,"Indo-European","Eurasia",51,"Bhojpuri"
"901",3730,"Tai-Kadai","Eurasia",44,"Saek"
"902",5100,"Chukotko-Kamchatkan","Eurasia",20,"Chukchi"
"903",84300,"Austronesian","Papunesia",24,"Atayal"
"904",69000,"Indo-European","Eurasia",36,"Faroese"
"905",3200,"Nakh-Daghestanian","Eurasia",51,"Bats"
"906",237080,"Sino-Tibetan","Eurasia",58,"Dzongkha"
"907",22163020,"Indo-European","Eurasia",43,"Dutch"
"908",25,"Chukotko-Kamchatkan","Eurasia",27,"Alutor"
"909",63370110,"Indo-European","Eurasia",30,"Italian"
"910",3669500,"Kartvelian","Eurasia",33,"Georgian"
"911",15810000,"Austronesian","Papunesia",19,"Cebuano"
"912",87000,NA,NA,44,"Võro"
"913",14035600,"Indo-European","Eurasia",50,"Magahi"
"914",19750,"Sino-Tibetan","Eurasia",53,"Dhimal"
"915",5800,"Nakh-Daghestanian","Eurasia",68,"Andi"
"916",69050130,"Indo-European","Eurasia",58,"Urdu"
"917",2e+05,"Mongolic","Eurasia",34,"Dongxiang"
"918",500,"Konda-Yahadian","Papunesia",33,"Konda"
"919",32656870,NA,NA,42,"Oriya"
"920",24628290,"Austronesian","Papunesia",26,"Tagalog"
"921",58000,"Indo-European","Eurasia",50,"Wakhi"
"922",70000,"Turkic","Eurasia",43,"Salar"
"923",1170,"Sino-Tibetan","Eurasia",46,"Walungge"
"924",574000,"Austroasiatic","Eurasia",41,"Korku"
"925",20000,"Sino-Tibetan","Eurasia",60,"Ersu"
"926",1800,"Sino-Tibetan","Eurasia",88,"Shixing"
"927",260129750,"Indo-European","Eurasia",55,"Hindi"
"928",1720000,"Dravidian","Eurasia",35,"Tulu"
"929",34451800,"Dravidian","Eurasia",53,"Malayalam"
"930",15000,"Austroasiatic","Eurasia",49,"Temiar"
"931",313840,"Indo-European","Eurasia",45,"Icelandic"
"932",63100,"Uralic","Eurasia",37,"Komi-Permyak"
"933",260,"Nakh-Daghestanian","Eurasia",56,"Karata"
"934",108000,"Indo-European","Eurasia",30,"Waneci"
"935",300120,"Tai-Kadai","Eurasia",61,"Sui"
"936",7016400,NA,NA,25,"Ilocano"
"937",563960,"Sino-Tibetan","Eurasia",57,"Akha"
"938",67965790,"Dravidian","Eurasia",36,"Tamil"
"939",2392000,"Indo-European","Eurasia",30,"Galician"
"940",247000,"Austroasiatic","Eurasia",39,"Pnar"
"941",1070,"Maningrida","Australia",26,"Burarra"
"942",410,"Bunaban","Australia",23,"Gooniyandi"
"943",53,"Western Daly","Australia",31,"Marti Ke"
"944",59,"Garrwan","Australia",17,"Garrwa"
"945",1290,"Gunwinyguan","Australia",26,"Anindilyakwa"
"946",11,NA,NA,29,"Dalabon"
"947",1,"Iwaidjan Proper","Australia",24,"Amurdak"
"948",140,"Iwaidjan Proper","Australia",23,"Iwaidja"
"949",57,"Maningrida","Australia",25,"Nakara"
"950",12,"Mangarrayi-Maran","Australia",26,"Alawa"
"951",89,NA,NA,23,"Wambaya"
"952",160,"Nyulnyulan","Australia",24,"Bardi"
"953",1660,"Pama-Nyungan","Australia",43,"Alyawarr"
"954",140,"Pama-Nyungan","Australia",43,"Kaytetye"
"955",35,NA,NA,21,"Gamilaraay"
"956",29,"Pama-Nyungan","Australia",16,"Dyirbal"
"957",10,"Pama-Nyungan","Australia",24,"Yanda"
"958",100,"Pama-Nyungan","Australia",30,"Wangkumara"
"959",12,"Pama-Nyungan","Australia",24,"Arabana"
"960",3,"Pama-Nyungan","Australia",23,"Badimaya"
"961",1995,"Pama-Nyungan","Australia",33,"Nhanda"
"962",61,"Pama-Nyungan","Australia",24,"Mangala"
"963",310,"Pama-Nyungan","Australia",21,"Nyangumarta"
"964",10,"Pama-Nyungan","Australia",27,"Kurrama"
"965",18,"Pama-Nyungan","Australia",23,"Ngarla"
"966",26,"Pama-Nyungan","Australia",23,"Ngarluma"
"967",35,"Pama-Nyungan","Australia",23,"Nyamal"
"968",3,"Pama-Nyungan","Australia",25,"Nyiyaparli"
"969",310,"Pama-Nyungan","Australia",25,"Yindjibarndi"
"970",360,"Pama-Nyungan","Australia",23,"Jaru"
"971",48,"Pama-Nyungan","Australia",23,"Mudburra"
"972",14,"Pama-Nyungan","Australia",24,"Ngardi"
"973",510,"Pama-Nyungan","Australia",23,"Walmajarri"
"974",47,"Pama-Nyungan","Australia",28,"Warlmanpa"
"975",2510,"Pama-Nyungan","Australia",24,"Warlpiri"
"976",150,NA,NA,19,"Yidiny"
"977",12,"Pama-Nyungan","Australia",22,"Umpila"
"978",5,NA,NA,28,"Olkol"
"979",1000,NA,NA,27,"Mbara"
"980",110,"Pama-Nyungan","Australia",27,"Adnyamathanha"
"981",2,NA,NA,23,"Wirangu"
"982",120,"Pama-Nyungan","Australia",24,"Yanyuwa"
"983",310,"Pama-Nyungan","Australia",28,"Warumungu"
"984",440,"Pama-Nyungan","Australia",23,"Kukatja"
"985",1000,"Pama-Nyungan","Australia",23,"Ngaanyatjarra"
"986",3160,"Pama-Nyungan","Australia",23,"Pitjantjatjara"
"987",560,"Pama-Nyungan","Australia",23,"Yankunytjatjara"
"988",1210,"Pama-Nyungan","Papunesia",24,"Kala Lagaw Ya"
"989",1280,"Pama-Nyungan","Australia",31,"Gupapuyngu"
"990",2760,"Pama-Nyungan","Australia",31,"Djambarrpuyngu"
"991",240,"Pama-Nyungan","Australia",31,"Gumatj"
"992",210,"Pama-Nyungan","Australia",25,"Djinang"
"993",45,"Pama-Nyungan","Australia",25,"Djinba"
"994",10,NA,NA,18,"Darkinyung"
"995",5,"Pama-Nyungan","Australia",18,"Ngarigu"
"996",23,"Tangkic","Australia",23,"Kayardild"
"997",54,"Tangkic","Australia",25,"Lardil"
"998",1740,"","Australia",22,"Tiwi"
"999",57,"Worrorran","Australia",22,"Ngarinyin"
"1000",1,"Worrorran","Australia",28,"Kwini"
"1001",30,"Worrorran","Australia",28,"Wunambal"
"1002",20,"Worrorran","Australia",25,"Worrorra"
"1003",84,"Yangmanic","Australia",22,"Wardaman"
